Blood Donation Type,Total Donations,Percentage
Whole Blood,8516750,97.98445456365322
Apheresis Platelet,85031,0.9782741252240582
Apheresis Plasma,73513,0.8457605551810068
Other,16646,0.19151075594171152
