Location,Total Donations,Percentage
Centre,4573022,52.61221315379535
Mobile,4118918,47.38778684620464
