Blood Type,Total Donations,Percentage
A,2158851,24.838029682516087
B,2365686,27.217709368322662
O,3627737,41.73786856358399
AB,539442,6.206392385577256
